-- FinderMeister Database Export
-- Generated on: 2025-08-14T12:15:34.200Z
-- Database: FinderMeister Service Marketplace
-- Total Tables: 16
-- Total Records: 137

-- Disable foreign key checks for clean import
SET session_replication_role = replica;

-- Table: admin_settings (1 records)
INSERT INTO "admin_settings" ("id", "key", "value", "updated_at") VALUES ('5956483e-54fa-499a-aef3-869aaebc5d86', 'proposal_token_cost', '5666', '2025-08-14T09:26:03.616Z');

-- Table: blog_posts (2 records)
INSERT INTO "blog_posts" ("id", "title", "slug", "content", "excerpt", "author_id", "is_published", "published_at", "created_at", "updated_at") VALUES ('893f48be-a601-4861-b99f-972d71e42795', 'Thanksgiving for you', 'thanksgiving-for-you', '<p>This is a <strong>published blog post</strong> with rich content!</p><p>You can now view it publicly.</p>', 'A test blog post to demonstrate the public viewing functionality', '15365b28-5646-4f3b-b51f-45bc6276d453', true, '2025-08-14T09:33:39.277Z', '2025-08-13T23:27:31.194Z', '2025-08-14T09:33:39.277Z');
INSERT INTO "blog_posts" ("id", "title", "slug", "content", "excerpt", "author_id", "is_published", "published_at", "created_at", "updated_at") VALUES ('86c72a9c-2a8c-44cb-93fe-3ce83771044b', 'Oh I see shjsjjsjs', 'oh-i-see-shjsjjsjs', '<p>Hshshhshhs <strong>sjsjjse</strong></p>', 'Hshdhhs', '15365b28-5646-4f3b-b51f-45bc6276d453', true, '2025-08-14T09:42:39.757Z', '2025-08-14T09:34:08.290Z', '2025-08-14T09:42:39.758Z');

-- Table: categories (9 records)
INSERT INTO "categories" ("id", "name", "description", "is_active", "created_at") VALUES ('2909df3b-6c7c-4c14-af5a-6f8ee32d9071', 'Web Development', 'Website and web application development', true, '2025-08-13T18:26:50.111Z');
INSERT INTO "categories" ("id", "name", "description", "is_active", "created_at") VALUES ('cat-tech', 'Technology', 'Software tools, apps, tech gadgets, and digital solutions', true, '2025-08-13T21:37:03.139Z');
INSERT INTO "categories" ("id", "name", "description", "is_active", "created_at") VALUES ('bec035b3-ecf3-43a2-a117-f4b742bf3277', 'Yeso', 'Jsjjsjs', true, '2025-08-13T23:51:23.158Z');
INSERT INTO "categories" ("id", "name", "description", "is_active", "created_at") VALUES ('4040a14d-ab77-4c75-b84d-6c8d2b6ad4ec', 'Test Category', 'Test description', true, '2025-08-13T23:52:50.704Z');
INSERT INTO "categories" ("id", "name", "description", "is_active", "created_at") VALUES ('4468a190-a27a-4972-b541-3a7d650277eb', 'Sport', 'Sport', true, '2025-08-14T00:09:00.757Z');
INSERT INTO "categories" ("id", "name", "description", "is_active", "created_at") VALUES ('554c1e54-eb32-4c38-b243-e55f74dc1b84', 'Sportaa', 'Ndjdd', true, '2025-08-14T00:15:04.604Z');
INSERT INTO "categories" ("id", "name", "description", "is_active", "created_at") VALUES ('99c0174f-02a5-49e8-858d-243fbac37819', 'Yogan', 'Se', true, '2025-08-14T09:21:16.924Z');
INSERT INTO "categories" ("id", "name", "description", "is_active", "created_at") VALUES ('cat-local', 'Local Services In', 'Local businesses, service providers, and community connections', true, '2025-08-13T21:37:03.139Z');
INSERT INTO "categories" ("id", "name", "description", "is_active", "created_at") VALUES ('83f490c6-c624-4da4-8684-8bddc35269d7', 'Sportaahhhshs', 'Bzhjd', true, '2025-08-14T09:42:29.502Z');

-- Table: contracts (7 records)
INSERT INTO "contracts" ("id", "request_id", "proposal_id", "client_id", "finder_id", "amount", "escrow_status", "is_completed", "created_at", "completed_at", "has_submission") VALUES ('f08eeea7-0398-4153-974f-0684b1ba375b', '4d43bdfa-150f-4254-88c0-eb4abd83f418', '19b290d5-df47-458d-bb89-9c243cdd7665', '2aa4873a-8040-42fb-b2eb-1841554f89bd', 'a8c15eec-08b9-4e93-b911-46af8887471b', '650.00', 'held', false, '2025-08-13T17:07:50.886Z', NULL, false);
INSERT INTO "contracts" ("id", "request_id", "proposal_id", "client_id", "finder_id", "amount", "escrow_status", "is_completed", "created_at", "completed_at", "has_submission") VALUES ('contract-001', 'req-002', 'prop-003', '33333333-3333-3333-3333-333333333333', 'f1111111-1111-1111-1111-111111111111', '50.00', 'released', true, '2025-08-08T21:37:49.714Z', NULL, false);
INSERT INTO "contracts" ("id", "request_id", "proposal_id", "client_id", "finder_id", "amount", "escrow_status", "is_completed", "created_at", "completed_at", "has_submission") VALUES ('7525c9a9-3ae5-4e0d-87c0-756a3eee2922', '259a2886-583c-40b7-9266-e60fdafe66da', 'e4e7fdb4-9716-4f63-be76-ff2a20b5dd8a', '2aa4873a-8040-42fb-b2eb-1841554f89bd', '1cdc2486-666b-41dd-bac1-eb0034977492', '1200.00', 'held', true, '2025-08-13T17:07:25.874Z', '2025-08-14T00:46:22.617Z', true);
INSERT INTO "contracts" ("id", "request_id", "proposal_id", "client_id", "finder_id", "amount", "escrow_status", "is_completed", "created_at", "completed_at", "has_submission") VALUES ('d5182236-348d-4dac-bbcf-22ccebf5f1ce', '259a2886-583c-40b7-9266-e60fdafe66da', '895ce98b-fe38-4cc8-9da4-e565bd637f37', '2aa4873a-8040-42fb-b2eb-1841554f89bd', 'c88125ca-379a-4109-bfdb-86cb4f646d48', '950.00', 'held', false, '2025-08-13T17:07:40.398Z', NULL, true);
INSERT INTO "contracts" ("id", "request_id", "proposal_id", "client_id", "finder_id", "amount", "escrow_status", "is_completed", "created_at", "completed_at", "has_submission") VALUES ('a6e85b44-8b67-4b3a-add6-522b25ad14e7', 'e7ace354-637a-4fb2-8ddc-bf24ce3d1a76', '0d66c391-7a74-4152-9e65-d3b58128c1e3', '2aa4873a-8040-42fb-b2eb-1841554f89bd', 'c88125ca-379a-4109-bfdb-86cb4f646d48', '22.00', 'held', false, '2025-08-13T17:24:03.759Z', NULL, true);
INSERT INTO "contracts" ("id", "request_id", "proposal_id", "client_id", "finder_id", "amount", "escrow_status", "is_completed", "created_at", "completed_at", "has_submission") VALUES ('contract-002', 'req-003', 'prop-004', '77777777-7777-7777-7777-777777777777', 'c88125ca-379a-4109-bfdb-86cb4f646d48', '500.00', 'in_progress', false, '2025-08-11T21:37:49.714Z', NULL, false);
INSERT INTO "contracts" ("id", "request_id", "proposal_id", "client_id", "finder_id", "amount", "escrow_status", "is_completed", "created_at", "completed_at", "has_submission") VALUES ('44ae9ad1-0c18-4dc6-937c-32e94284ff2d', 'c9547ce8-7950-489f-9f93-25aa3c5be082', 'af758b50-0239-4749-a135-dc196698d0e4', '2aa4873a-8040-42fb-b2eb-1841554f89bd', 'c88125ca-379a-4109-bfdb-86cb4f646d48', '150.00', 'held', true, '2025-08-14T01:09:20.490Z', '2025-08-14T10:50:20.197Z', true);

-- Table: conversations (6 records)
INSERT INTO "conversations" ("id", "client_id", "finder_id", "proposal_id", "last_message_at", "created_at") VALUES ('6f9387c1-0d10-4c75-afcb-ab80c6ade4f4', '2aa4873a-8040-42fb-b2eb-1841554f89bd', '1cdc2486-666b-41dd-bac1-eb0034977492', 'e4e7fdb4-9716-4f63-be76-ff2a20b5dd8a', '2025-08-13T17:56:03.802Z', '2025-08-13T17:16:26.335Z');
INSERT INTO "conversations" ("id", "client_id", "finder_id", "proposal_id", "last_message_at", "created_at") VALUES ('conv-001', '11111111-1111-1111-1111-111111111111', 'f2222222-2222-2222-2222-222222222222', 'prop-001', '2025-08-13T17:38:00.105Z', '2025-08-12T21:38:00.105Z');
INSERT INTO "conversations" ("id", "client_id", "finder_id", "proposal_id", "last_message_at", "created_at") VALUES ('conv-002', '33333333-3333-3333-3333-333333333333', 'f1111111-1111-1111-1111-111111111111', 'prop-003', '2025-08-13T19:38:00.105Z', '2025-08-13T09:38:00.105Z');
INSERT INTO "conversations" ("id", "client_id", "finder_id", "proposal_id", "last_message_at", "created_at") VALUES ('297d7e8a-d8f0-4ebb-9a22-d8aba55c0ca0', '2aa4873a-8040-42fb-b2eb-1841554f89bd', 'a8c15eec-08b9-4e93-b911-46af8887471b', '19b290d5-df47-458d-bb89-9c243cdd7665', '2025-08-14T07:08:09.299Z', '2025-08-14T06:47:54.156Z');
INSERT INTO "conversations" ("id", "client_id", "finder_id", "proposal_id", "last_message_at", "created_at") VALUES ('conv-003', '77777777-7777-7777-7777-777777777777', 'c88125ca-379a-4109-bfdb-86cb4f646d48', 'prop-004', '2025-08-13T20:38:00.105Z', '2025-08-11T21:38:00.105Z');
INSERT INTO "conversations" ("id", "client_id", "finder_id", "proposal_id", "last_message_at", "created_at") VALUES ('f9d0fce8-33f4-4890-9de4-633c05241671', '2aa4873a-8040-42fb-b2eb-1841554f89bd', 'c88125ca-379a-4109-bfdb-86cb4f646d48', 'af758b50-0239-4749-a135-dc196698d0e4', '2025-08-14T10:17:06.523Z', '2025-08-14T00:53:45.045Z');

-- Table: finders (9 records)
INSERT INTO "finders" ("id", "user_id", "jobs_completed", "total_earned", "average_rating", "level", "bio", "phone", "available_balance", "is_verified", "created_at", "skills", "hourly_rate", "availability", "token_balance") VALUES ('a174fbbf-9c34-4788-8df7-38682459a2a9', '78763947-ef7a-400c-a185-aba5864e962a', 0, '0.00', '0.00', 'Novice', NULL, NULL, '0.00', false, '2025-08-13T18:21:39.338Z', NULL, NULL, 'full-time', 0);
INSERT INTO "finders" ("id", "user_id", "jobs_completed", "total_earned", "average_rating", "level", "bio", "phone", "available_balance", "is_verified", "created_at", "skills", "hourly_rate", "availability", "token_balance") VALUES ('a8c15eec-08b9-4e93-b911-46af8887471b', '9e32aaf4-c007-4f89-84fb-7c2cccbf3f80', 0, '0.00', '0.00', 'Novice', NULL, NULL, '0.00', false, '2025-08-13T18:21:39.338Z', NULL, NULL, 'full-time', 0);
INSERT INTO "finders" ("id", "user_id", "jobs_completed", "total_earned", "average_rating", "level", "bio", "phone", "available_balance", "is_verified", "created_at", "skills", "hourly_rate", "availability", "token_balance") VALUES ('f2222222-2222-2222-2222-222222222222', '22222222-2222-2222-2222-222222222222', 15, '2850.00', '4.80', 'Professional', 'Experienced product researcher specializing in electronics and home goods. I have connections with major suppliers.', NULL, '420.50', false, '2025-08-13T21:36:57.389Z', NULL, NULL, 'full-time', 0);
INSERT INTO "finders" ("id", "user_id", "jobs_completed", "total_earned", "average_rating", "level", "bio", "phone", "available_balance", "is_verified", "created_at", "skills", "hourly_rate", "availability", "token_balance") VALUES ('f4444444-4444-4444-4444-444444444444', '44444444-4444-4444-4444-444444444444', 8, '1200.00', '4.50', 'Professional', 'Tech-savvy finder with expertise in software tools and digital solutions.', NULL, '180.00', false, '2025-08-13T21:36:57.389Z', NULL, NULL, 'full-time', 0);
INSERT INTO "finders" ("id", "user_id", "jobs_completed", "total_earned", "average_rating", "level", "bio", "phone", "available_balance", "is_verified", "created_at", "skills", "hourly_rate", "availability", "token_balance") VALUES ('f6666666-6666-6666-6666-666666666666', '66666666-6666-6666-6666-666666666666', 3, '450.00', '3.80', 'Novice', 'New to the platform! Specializing in local services in the Chicago area.', NULL, '75.00', false, '2025-08-13T21:36:57.389Z', NULL, NULL, 'full-time', 0);
INSERT INTO "finders" ("id", "user_id", "jobs_completed", "total_earned", "average_rating", "level", "bio", "phone", "available_balance", "is_verified", "created_at", "skills", "hourly_rate", "availability", "token_balance") VALUES ('1cdc2486-666b-41dd-bac1-eb0034977492', 'd9da0f88-c3e8-488f-bc4e-5c68f6a2ca01', 0, '0.00', '0.00', 'Novice', 'Updated finder bio - experienced full-stack developer', '+1234567890', '0.00', false, '2025-08-13T18:21:39.338Z', NULL, NULL, 'full-time', 0);
INSERT INTO "finders" ("id", "user_id", "jobs_completed", "total_earned", "average_rating", "level", "bio", "phone", "available_balance", "is_verified", "created_at", "skills", "hourly_rate", "availability", "token_balance") VALUES ('finder-demo-001', 'test-finder-001', 8, '250.00', '4.80', 'Novice', 'Experienced finder ready to help', NULL, '0.00', false, '2025-08-14T09:41:32.714Z', ARRAY['Research','Data Analysis'], '25.00', 'full-time', 0);
INSERT INTO "finders" ("id", "user_id", "jobs_completed", "total_earned", "average_rating", "level", "bio", "phone", "available_balance", "is_verified", "created_at", "skills", "hourly_rate", "availability", "token_balance") VALUES ('f1111111-1111-1111-1111-111111111111', 'd9da0f88-c3e8-488f-bc4e-5c68f6a2ca01', 25, '4500.00', '4.90', 'Expert', 'Updated bio - Full-stack developer and problem solver', NULL, '850.00', false, '2025-08-13T21:36:57.389Z', NULL, NULL, 'full-time', 0);
INSERT INTO "finders" ("id", "user_id", "jobs_completed", "total_earned", "average_rating", "level", "bio", "phone", "available_balance", "is_verified", "created_at", "skills", "hourly_rate", "availability", "token_balance") VALUES ('c88125ca-379a-4109-bfdb-86cb4f646d48', 'f27f2cf2-5c76-4673-8fd3-50cd34ce2a71', 0, '0.00', '0.00', 'Novice', 'Experienced finder ready to help clients find anything they need me jobma', '555-0123', '-250.00', false, '2025-08-13T18:21:39.338Z', ARRAY['Jsj'], '25.00', 'weekends', 0);

-- Table: messages (24 records)
INSERT INTO "messages" ("id", "conversation_id", "sender_id", "content", "is_read", "created_at", "attachment_paths", "attachment_names") VALUES ('62e1b232-ec77-411e-8625-074411ccb6fd', '6f9387c1-0d10-4c75-afcb-ab80c6ade4f4', '2aa4873a-8040-42fb-b2eb-1841554f89bd', 'Test message from curl', false, '2025-08-13T17:46:19.611Z', NULL, NULL);
INSERT INTO "messages" ("id", "conversation_id", "sender_id", "content", "is_read", "created_at", "attachment_paths", "attachment_names") VALUES ('2c5135ee-fbe8-4227-956c-c9b3a50d002b', '6f9387c1-0d10-4c75-afcb-ab80c6ade4f4', '2aa4873a-8040-42fb-b2eb-1841554f89bd', 'Testing message fix!', false, '2025-08-13T17:48:03.059Z', NULL, NULL);
INSERT INTO "messages" ("id", "conversation_id", "sender_id", "content", "is_read", "created_at", "attachment_paths", "attachment_names") VALUES ('479fb2f6-7a4c-452c-b5d2-8bbdc0269898', '6f9387c1-0d10-4c75-afcb-ab80c6ade4f4', '2aa4873a-8040-42fb-b2eb-1841554f89bd', 'Enter key test message', false, '2025-08-13T17:53:40.649Z', NULL, NULL);
INSERT INTO "messages" ("id", "conversation_id", "sender_id", "content", "is_read", "created_at", "attachment_paths", "attachment_names") VALUES ('eed47cd3-f668-4779-af6d-c103791b97eb', '6f9387c1-0d10-4c75-afcb-ab80c6ade4f4', '2aa4873a-8040-42fb-b2eb-1841554f89bd', 'Simple test after fix', false, '2025-08-13T17:56:03.771Z', NULL, NULL);
INSERT INTO "messages" ("id", "conversation_id", "sender_id", "content", "is_read", "created_at", "attachment_paths", "attachment_names") VALUES ('msg-001', 'conv-001', '11111111-1111-1111-1111-111111111111', 'Hi Mike! I saw your proposal for the CRM software. Can you tell me more about the HubSpot setup process?', false, '2025-08-13T15:38:10.182Z', NULL, NULL);
INSERT INTO "messages" ("id", "conversation_id", "sender_id", "content", "is_read", "created_at", "attachment_paths", "attachment_names") VALUES ('msg-002', 'conv-001', '22222222-2222-2222-2222-222222222222', 'Hi Sarah! I would be happy to walk you through the HubSpot setup. It typically takes 3-4 days for full implementation including data migration and team training.', false, '2025-08-13T17:38:10.182Z', NULL, NULL);
INSERT INTO "messages" ("id", "conversation_id", "sender_id", "content", "is_read", "created_at", "attachment_paths", "attachment_names") VALUES ('msg-003', 'conv-002', '33333333-3333-3333-3333-333333333333', 'Thank you for finding the rice suppliers! The quality samples look excellent. Can we proceed with the first supplier?', false, '2025-08-13T18:38:10.182Z', NULL, NULL);
INSERT INTO "messages" ("id", "conversation_id", "sender_id", "content", "is_read", "created_at", "attachment_paths", "attachment_names") VALUES ('msg-004', 'conv-002', 'd9da0f88-c3e8-488f-bc4e-5c68f6a2ca01', 'Absolutely! I will arrange the contract and delivery schedule. They offer a 10% discount for orders over 1000kg. Shall I negotiate that for you?', false, '2025-08-13T19:38:10.182Z', NULL, NULL);
INSERT INTO "messages" ("id", "conversation_id", "sender_id", "content", "is_read", "created_at", "attachment_paths", "attachment_names") VALUES ('msg-005', 'conv-003', '77777777-7777-7777-7777-777777777777', 'Your social media portfolio is impressive! When can we start the Instagram strategy?', false, '2025-08-13T19:38:10.182Z', NULL, NULL);
INSERT INTO "messages" ("id", "conversation_id", "sender_id", "content", "is_read", "created_at", "attachment_paths", "attachment_names") VALUES ('msg-006', 'conv-003', 'f27f2cf2-5c76-4673-8fd3-50cd34ce2a71', 'Thank you! I can start immediately. I will send you the content calendar and strategy document by tomorrow morning.', false, '2025-08-13T20:38:10.182Z', NULL, NULL);
INSERT INTO "messages" ("id", "conversation_id", "sender_id", "content", "is_read", "created_at", "attachment_paths", "attachment_names") VALUES ('73330d13-a6f4-4e6c-967d-ffea0d97734c', 'f9d0fce8-33f4-4890-9de4-633c05241671', '2aa4873a-8040-42fb-b2eb-1841554f89bd', 'Hi there! I saw your proposal for my request and would like to discuss the project details. Could we schedule a call to go over the requirements?', false, '2025-08-14T00:53:51.354Z', NULL, NULL);
INSERT INTO "messages" ("id", "conversation_id", "sender_id", "content", "is_read", "created_at", "attachment_paths", "attachment_names") VALUES ('3ec86fb5-1ced-42f0-804a-7f8a2fc21e51', 'f9d0fce8-33f4-4890-9de4-633c05241671', 'd9da0f88-c3e8-488f-bc4e-5c68f6a2ca01', 'Thank you for reaching out! I would be happy to discuss your project. I have availability tomorrow afternoon or Friday morning. Based on your requirements, I can provide a detailed timeline and approach. When works best for you?', true, '2025-08-14T00:54:03.556Z', NULL, NULL);
INSERT INTO "messages" ("id", "conversation_id", "sender_id", "content", "is_read", "created_at", "attachment_paths", "attachment_names") VALUES ('8adcd85e-f72c-4f2c-a4b8-e7c53d1bd4a6', 'f9d0fce8-33f4-4890-9de4-633c05241671', 'f27f2cf2-5c76-4673-8fd3-50cd34ce2a71', 'Perfect! Friday morning works great for me. I can show you my portfolio of similar projects and discuss your specific requirements in detail. Looking forward to it!', true, '2025-08-14T00:54:58.493Z', NULL, NULL);
INSERT INTO "messages" ("id", "conversation_id", "sender_id", "content", "is_read", "created_at", "attachment_paths", "attachment_names") VALUES ('e1b66dc8-b43c-47de-89e4-8a8412cb04a8', 'f9d0fce8-33f4-4890-9de4-633c05241671', '2aa4873a-8040-42fb-b2eb-1841554f89bd', 'Hi', false, '2025-08-14T06:52:19.077Z', NULL, NULL);
INSERT INTO "messages" ("id", "conversation_id", "sender_id", "content", "is_read", "created_at", "attachment_paths", "attachment_names") VALUES ('99f0e5cc-5ba1-4c9e-9a5a-b7ddc10344f2', 'f9d0fce8-33f4-4890-9de4-633c05241671', '2aa4873a-8040-42fb-b2eb-1841554f89bd', 'Send notice', false, '2025-08-14T06:52:36.043Z', NULL, NULL);
INSERT INTO "messages" ("id", "conversation_id", "sender_id", "content", "is_read", "created_at", "attachment_paths", "attachment_names") VALUES ('e84e3c94-eb95-4f4c-92fd-f6f2691eed41', '297d7e8a-d8f0-4ebb-9a22-d8aba55c0ca0', '2aa4873a-8040-42fb-b2eb-1841554f89bd', 'Ajala o', false, '2025-08-14T06:52:48.644Z', NULL, NULL);
INSERT INTO "messages" ("id", "conversation_id", "sender_id", "content", "is_read", "created_at", "attachment_paths", "attachment_names") VALUES ('24b3b96f-8150-4402-8e13-0cd65a404673', '297d7e8a-d8f0-4ebb-9a22-d8aba55c0ca0', '2aa4873a-8040-42fb-b2eb-1841554f89bd', 'Hi', false, '2025-08-14T07:00:55.353Z', NULL, NULL);
INSERT INTO "messages" ("id", "conversation_id", "sender_id", "content", "is_read", "created_at", "attachment_paths", "attachment_names") VALUES ('eb1ae9ad-0362-45bc-84a0-d21119c1358d', '297d7e8a-d8f0-4ebb-9a22-d8aba55c0ca0', '2aa4873a-8040-42fb-b2eb-1841554f89bd', 'Hi', false, '2025-08-14T07:07:58.635Z', NULL, NULL);
INSERT INTO "messages" ("id", "conversation_id", "sender_id", "content", "is_read", "created_at", "attachment_paths", "attachment_names") VALUES ('db65c4be-551c-4b3a-80bf-f864a37e1fb2', '297d7e8a-d8f0-4ebb-9a22-d8aba55c0ca0', '2aa4873a-8040-42fb-b2eb-1841554f89bd', 'Temiooo', false, '2025-08-14T07:08:09.274Z', NULL, NULL);
INSERT INTO "messages" ("id", "conversation_id", "sender_id", "content", "is_read", "created_at", "attachment_paths", "attachment_names") VALUES ('1c5abc8b-2e9b-4311-a4af-13bf98eab7f6', 'f9d0fce8-33f4-4890-9de4-633c05241671', '2aa4873a-8040-42fb-b2eb-1841554f89bd', 'I know', false, '2025-08-14T07:08:31.929Z', NULL, NULL);
INSERT INTO "messages" ("id", "conversation_id", "sender_id", "content", "is_read", "created_at", "attachment_paths", "attachment_names") VALUES ('a1551a99-6d08-4fa9-bd57-7825173eaf03', 'f9d0fce8-33f4-4890-9de4-633c05241671', '2aa4873a-8040-42fb-b2eb-1841554f89bd', 'Hi', false, '2025-08-14T07:15:31.199Z', NULL, NULL);
INSERT INTO "messages" ("id", "conversation_id", "sender_id", "content", "is_read", "created_at", "attachment_paths", "attachment_names") VALUES ('3e94678b-c5ef-4603-a4df-ff3f9db159c7', 'f9d0fce8-33f4-4890-9de4-633c05241671', '2aa4873a-8040-42fb-b2eb-1841554f89bd', 'Hi', false, '2025-08-14T07:21:59.355Z', NULL, NULL);
INSERT INTO "messages" ("id", "conversation_id", "sender_id", "content", "is_read", "created_at", "attachment_paths", "attachment_names") VALUES ('024d2ff3-2c96-4a12-9541-39e4140ae358', 'f9d0fce8-33f4-4890-9de4-633c05241671', '2aa4873a-8040-42fb-b2eb-1841554f89bd', 'Hi', false, '2025-08-14T07:46:50.909Z', NULL, NULL);
INSERT INTO "messages" ("id", "conversation_id", "sender_id", "content", "is_read", "created_at", "attachment_paths", "attachment_names") VALUES ('2a038893-4b5a-45ca-95fe-bffa9b265ea9', 'f9d0fce8-33f4-4890-9de4-633c05241671', '2aa4873a-8040-42fb-b2eb-1841554f89bd', 'See that image right?', false, '2025-08-14T10:17:06.478Z', ARRAY['/objects/uploads/9de11b11-5e90-450e-b7e6-5bbcfb56ed27'], ARRAY['Screenshot_2025-08-14-09-35-20-044_com.android.chrome.jpg']);

-- Table: order_submissions (4 records)
INSERT INTO "order_submissions" ("id", "contract_id", "finder_id", "submission_text", "attachment_paths", "status", "client_feedback", "submitted_at", "reviewed_at", "auto_release_date") VALUES ('0f235c37-e556-4888-911f-eb6fe5e112e5', '7525c9a9-3ae5-4e0d-87c0-756a3eee2922', '1cdc2486-666b-41dd-bac1-eb0034977492', 'I have completed the website design as requested. The design includes:

- Modern responsive layout
- E-commerce functionality
- Payment integration
- Mobile optimization
- SEO-friendly structure

Please review the attached files for the complete design mockups and documentation.', ARRAY[], 'accepted', 'Excellent work! The website design exceeds our expectations. The responsive layout and e-commerce functionality are perfect. Thank you for the detailed documentation as well.', '2025-08-14T00:46:10.590Z', '2025-08-14T00:46:22.478Z', '2025-08-17T00:46:22.478Z');
INSERT INTO "order_submissions" ("id", "contract_id", "finder_id", "submission_text", "attachment_paths", "status", "client_feedback", "submitted_at", "reviewed_at", "auto_release_date") VALUES ('8f039acc-a96a-4081-8bc9-7e98e8122749', 'd5182236-348d-4dac-bbcf-22ccebf5f1ce', '1cdc2486-666b-41dd-bac1-eb0034977492', 'Here is the initial version of the website design. Please review and let me know if you need any changes.', ARRAY[], 'rejected', 'Thanks for the initial submission. However, I need the following changes:

1. Add more modern color scheme
2. Improve the navigation layout
3. Add social media integration
4. Include a contact form

Please resubmit with these modifications.', '2025-08-14T00:46:35.509Z', '2025-08-14T00:46:41.157Z', '2025-08-19T00:46:35.490Z');
INSERT INTO "order_submissions" ("id", "contract_id", "finder_id", "submission_text", "attachment_paths", "status", "client_feedback", "submitted_at", "reviewed_at", "auto_release_date") VALUES ('7aeed221-2103-4bd1-b7b0-6d8777afed3d', 'a6e85b44-8b67-4b3a-add6-522b25ad14e7', 'c88125ca-379a-4109-bfdb-86cb4f646d48', 'I think I am done', ARRAY[], 'submitted', NULL, '2025-08-14T08:39:33.734Z', NULL, '2025-08-19T08:39:33.716Z');
INSERT INTO "order_submissions" ("id", "contract_id", "finder_id", "submission_text", "attachment_paths", "status", "client_feedback", "submitted_at", "reviewed_at", "auto_release_date") VALUES ('12505150-2740-4204-b075-acc375a790b0', '44ae9ad1-0c18-4dc6-937c-32e94284ff2d', 'c88125ca-379a-4109-bfdb-86cb4f646d48', 'I am done', ARRAY['/objects/uploads/297d3b64-3022-48e0-9ae6-d29a677c5707'], 'accepted', NULL, '2025-08-14T08:34:22.313Z', '2025-08-14T10:50:20.048Z', '2025-08-17T10:50:20.048Z');

-- Table: proposals (14 records)
INSERT INTO "proposals" ("id", "request_id", "finder_id", "approach", "price", "timeline", "notes", "status", "created_at") VALUES ('87951fff-e356-4803-b3b3-7955ef0db6e4', '4ae22984-fcf2-469d-be20-6f685cee46e9', 'a174fbbf-9c34-4788-8df7-38682459a2a9', 'I am a React Native expert with 8+ years of experience. I will build a cross-platform food delivery app with real-time tracking, payment integration, and admin panel.', '3800', '6 weeks', 'Includes source code, documentation, and deployment assistance.', 'pending', '2025-08-13T16:57:24.294Z');
INSERT INTO "proposals" ("id", "request_id", "finder_id", "approach", "price", "timeline", "notes", "status", "created_at") VALUES ('e4e7fdb4-9716-4f63-be76-ff2a20b5dd8a', '259a2886-583c-40b7-9266-e60fdafe66da', '1cdc2486-666b-41dd-bac1-eb0034977492', 'I will create a modern, mobile-responsive e-commerce website using the latest design trends. I have 5+ years of experience in e-commerce design and will provide you with wireframes, mockups, and the final design files.', '1200', '3 weeks', 'I can also provide ongoing support for 30 days after delivery.', 'accepted', '2025-08-13T16:57:24.294Z');
INSERT INTO "proposals" ("id", "request_id", "finder_id", "approach", "price", "timeline", "notes", "status", "created_at") VALUES ('895ce98b-fe38-4cc8-9da4-e565bd637f37', '259a2886-583c-40b7-9266-e60fdafe66da', 'c88125ca-379a-4109-bfdb-86cb4f646d48', 'I specialize in e-commerce website design and have worked with over 50 online stores. My approach includes user research, competitor analysis, and conversion-optimized design.', '950', '2.5 weeks', 'Portfolio available upon request. I offer 2 rounds of revisions.', 'accepted', '2025-08-13T16:57:24.294Z');
INSERT INTO "proposals" ("id", "request_id", "finder_id", "approach", "price", "timeline", "notes", "status", "created_at") VALUES ('19b290d5-df47-458d-bb89-9c243cdd7665', '4d43bdfa-150f-4254-88c0-eb4abd83f418', 'a8c15eec-08b9-4e93-b911-46af8887471b', 'I am a professional graphic designer specializing in startup branding. I will create a unique logo, brand guidelines, business cards, and letterhead design.', '650', '1 week', 'Unlimited revisions until you are 100% satisfied.', 'accepted', '2025-08-13T16:57:24.294Z');
INSERT INTO "proposals" ("id", "request_id", "finder_id", "approach", "price", "timeline", "notes", "status", "created_at") VALUES ('0d66c391-7a74-4152-9e65-d3b58128c1e3', 'e7ace354-637a-4fb2-8ddc-bf24ce3d1a76', 'c88125ca-379a-4109-bfdb-86cb4f646d48', 'I know you', '22', '44', 'dddd', 'accepted', '2025-08-13T17:22:07.665Z');
INSERT INTO "proposals" ("id", "request_id", "finder_id", "approach", "price", "timeline", "notes", "status", "created_at") VALUES ('prop-001', 'req-001', 'f2222222-2222-2222-2222-222222222222', 'I recommend HubSpot CRM for your needs. It has excellent contact management, email integration, and reporting. I can help you set it up and train your team.', '$150', '1 week', 'I have experience setting up HubSpot for 20+ small businesses. Includes training and customization.', 'pending', '2025-08-12T21:37:41.973Z');
INSERT INTO "proposals" ("id", "request_id", "finder_id", "approach", "price", "timeline", "notes", "status", "created_at") VALUES ('prop-002', 'req-001', 'f4444444-4444-4444-4444-444444444444', 'For your requirements, I suggest Pipedrive or Zoho CRM. Both are cost-effective and user-friendly. I can provide demo and implementation support.', '$200', '10 days', 'Includes full setup, data migration, and 2-week support period.', 'pending', '2025-08-13T03:37:41.973Z');
INSERT INTO "proposals" ("id", "request_id", "finder_id", "approach", "price", "timeline", "notes", "status", "created_at") VALUES ('prop-003', 'req-002', 'f1111111-1111-1111-1111-111111111111', 'I have direct connections with 3 premium rice suppliers in Lagos. All are certified and can handle large volume orders. I can arrange visits and negotiate pricing.', '$50', '3 days', 'I will provide detailed supplier profiles, pricing comparison, and quality certifications.', 'accepted', '2025-08-13T09:37:41.973Z');
INSERT INTO "proposals" ("id", "request_id", "finder_id", "approach", "price", "timeline", "notes", "status", "created_at") VALUES ('prop-005', 'req-004', 'f4444444-4444-4444-4444-444444444444', 'I can develop your fitness app for both iOS and Android using React Native. I have experience with Apple HealthKit and Google Fit integration.', '$4500', '6 weeks', 'Portfolio includes 3 health apps with 50K+ downloads. Includes UI/UX design, development, and app store submission.', 'pending', '2025-08-13T18:37:41.973Z');
INSERT INTO "proposals" ("id", "request_id", "finder_id", "approach", "price", "timeline", "notes", "status", "created_at") VALUES ('prop-006', 'req-006', 'f6666666-6666-6666-6666-666666666666', 'I can connect you with top team building facilitators in Chicago area. I work with several corporate event specialists who focus on leadership development.', '$1200', '2 weeks', 'I will provide 3 qualified facilitator options with portfolios and client testimonials.', 'pending', '2025-08-13T17:37:41.973Z');
INSERT INTO "proposals" ("id", "request_id", "finder_id", "approach", "price", "timeline", "notes", "status", "created_at") VALUES ('af758b50-0239-4749-a135-dc196698d0e4', 'c9547ce8-7950-489f-9f93-25aa3c5be082', 'c88125ca-379a-4109-bfdb-86cb4f646d48', 'Jjdjdjd djkdjdd ', '150', '2 weeks', 'Thanks', 'accepted', '2025-08-13T21:48:57.622Z');
INSERT INTO "proposals" ("id", "request_id", "finder_id", "approach", "price", "timeline", "notes", "status", "created_at") VALUES ('d00d240c-ad30-4402-a4a8-f18a75008109', 'req-001', 'c88125ca-379a-4109-bfdb-86cb4f646d48', 'Test approach', '100', '1 week', 'Test notes', 'pending', '2025-08-14T06:16:54.990Z');
INSERT INTO "proposals" ("id", "request_id", "finder_id", "approach", "price", "timeline", "notes", "status", "created_at") VALUES ('prop-004', 'req-003', 'c88125ca-379a-4109-bfdb-86cb4f646d48', 'I specialize in beauty brand social media marketing. I can create content strategy, manage posting schedule, and run targeted ad campaigns for Instagram and TikTok.', '$500', '2 weeks', 'Portfolio includes 15+ beauty brands with 200%+ engagement growth. Includes content calendar and analytics reports.', 'accepted', '2025-08-11T21:37:41.973Z');
INSERT INTO "proposals" ("id", "request_id", "finder_id", "approach", "price", "timeline", "notes", "status", "created_at") VALUES ('2110e1fa-80b7-42ae-a1b6-bcf145fb778b', 'ae949936-064e-4ffa-aeb3-0f567cf249bb', 'c88125ca-379a-4109-bfdb-86cb4f646d48', 'I will do it', '300', '3 weeks ', 'Njss', 'pending', '2025-08-14T11:41:02.629Z');

-- Table: requests (16 records)
INSERT INTO "requests" ("id", "client_id", "title", "description", "category", "budget_min", "budget_max", "timeframe", "status", "token_cost", "created_at", "attachments") VALUES ('4ae22984-fcf2-469d-be20-6f685cee46e9', 'a26fb44a-1534-4fe9-9a36-dd3b28572d7a', 'Mobile App Development', 'Looking for an experienced developer to build a React Native app for food delivery. Need both iOS and Android versions.', 'Mobile Development', '2000', '5000', '1-2 months', 'open', 2, '2025-08-13T16:57:11.158Z', NULL);
INSERT INTO "requests" ("id", "client_id", "title", "description", "category", "budget_min", "budget_max", "timeframe", "status", "token_cost", "created_at", "attachments") VALUES ('90ba1679-672a-494d-a65e-6e8f08e0cd2a', '2aa4873a-8040-42fb-b2eb-1841554f89bd', 'Give me a new apartment ', 'Yes o', 'location', '200', '250', '2 weeks', 'open', 1, '2025-08-14T07:14:08.804Z', NULL);
INSERT INTO "requests" ("id", "client_id", "title", "description", "category", "budget_min", "budget_max", "timeframe", "status", "token_cost", "created_at", "attachments") VALUES ('3e8cc841-579c-450c-8438-030a1f24c87d', '2aa4873a-8040-42fb-b2eb-1841554f89bd', 'I will need a house', 'Gyuuuui', 'vendor', '25', '30', '2 weeks', 'open', 1, '2025-08-14T07:35:33.855Z', NULL);
INSERT INTO "requests" ("id", "client_id", "title", "description", "category", "budget_min", "budget_max", "timeframe", "status", "token_cost", "created_at", "attachments") VALUES ('827e04d3-06e5-4af7-927e-d498813a424c', '2aa4873a-8040-42fb-b2eb-1841554f89bd', 'I need a new house', 'shshs', 'location', '200', '300', '1-3 days', 'open', 1, '2025-08-13T17:08:49.245Z', NULL);
INSERT INTO "requests" ("id", "client_id", "title", "description", "category", "budget_min", "budget_max", "timeframe", "status", "token_cost", "created_at", "attachments") VALUES ('457a929f-a7e7-4b88-9b36-1f6d7ff090a8', '2aa4873a-8040-42fb-b2eb-1841554f89bd', 'Hello ', 'Hahhah', 'location', '25', '36', '2-3 months', 'open', 1, '2025-08-14T08:15:12.587Z', ARRAY['/uploads/attachments-1755159310910-691138823.jpg']);
INSERT INTO "requests" ("id", "client_id", "title", "description", "category", "budget_min", "budget_max", "timeframe", "status", "token_cost", "created_at", "attachments") VALUES ('4d43bdfa-150f-4254-88c0-eb4abd83f418', '2aa4873a-8040-42fb-b2eb-1841554f89bd', 'Logo Design and Branding', 'Need a professional logo design and complete branding package for my startup. Should include business cards and letterhead.', 'Graphic Design', '200', '800', '1 week', 'open', 1, '2025-08-13T16:57:11.158Z', NULL);
INSERT INTO "requests" ("id", "client_id", "title", "description", "category", "budget_min", "budget_max", "timeframe", "status", "token_cost", "created_at", "attachments") VALUES ('e7ace354-637a-4fb2-8ddc-bf24ce3d1a76', '2aa4873a-8040-42fb-b2eb-1841554f89bd', 'bhuihdihd', 'dnihdu dkjiodj dknmd ', 'product', '22', '222', '1-3 days', 'approved', 1, '2025-08-13T17:17:57.399Z', NULL);
INSERT INTO "requests" ("id", "client_id", "title", "description", "category", "budget_min", "budget_max", "timeframe", "status", "token_cost", "created_at", "attachments") VALUES ('req-001', '11111111-1111-1111-1111-111111111111', 'Need a reliable CRM software for small business', 'Looking for a customer relationship management software that can handle 200+ contacts, email integration, and reporting features. Should be affordable and easy to use for a team of 5.', 'technology', '50', '300', '2 weeks', 'open', 2, '2025-08-11T21:37:30.217Z', NULL);
INSERT INTO "requests" ("id", "client_id", "title", "description", "category", "budget_min", "budget_max", "timeframe", "status", "token_cost", "created_at", "attachments") VALUES ('req-002', '33333333-3333-3333-3333-333333333333', 'Find industrial rice supplier in Lagos', 'Need a wholesale rice supplier for restaurant chain. Looking for premium quality rice, competitive pricing, and reliable delivery schedule. Must have proper certifications.', 'retail', '500', '2000', '1 week', 'open', 1, '2025-08-12T21:37:30.217Z', NULL);
INSERT INTO "requests" ("id", "client_id", "title", "description", "category", "budget_min", "budget_max", "timeframe", "status", "token_cost", "created_at", "attachments") VALUES ('req-003', '77777777-7777-7777-7777-777777777777', 'Social media marketing consultant needed', 'Looking for an experienced social media marketing consultant to help grow Instagram and TikTok presence for beauty brand. Need portfolio of similar work.', 'creative', '200', '800', '3 weeks', 'in_progress', 2, '2025-08-10T21:37:30.217Z', NULL);
INSERT INTO "requests" ("id", "client_id", "title", "description", "category", "budget_min", "budget_max", "timeframe", "status", "token_cost", "created_at", "attachments") VALUES ('req-004', '11111111-1111-1111-1111-111111111111', 'Custom mobile app developer', 'Need iOS/Android developer to create a fitness tracking app with wearable integration. Looking for someone with health app experience and good portfolio.', 'technology', '2000', '8000', '2 months', 'open', 3, '2025-08-13T16:37:30.217Z', NULL);
INSERT INTO "requests" ("id", "client_id", "title", "description", "category", "budget_min", "budget_max", "timeframe", "status", "token_cost", "created_at", "attachments") VALUES ('req-005', '2aa4873a-8040-42fb-b2eb-1841554f89bd', 'Local plumber for office renovation', 'Need experienced plumber for office bathroom renovation in downtown Chicago. Must be licensed, insured, and available next week.', 'local', '300', '800', '1 week', 'completed', 1, '2025-08-06T21:37:30.217Z', NULL);
INSERT INTO "requests" ("id", "client_id", "title", "description", "category", "budget_min", "budget_max", "timeframe", "status", "token_cost", "created_at", "attachments") VALUES ('req-006', '33333333-3333-3333-3333-333333333333', 'Corporate team building facilitator', 'Looking for professional team building facilitator for 50-person company retreat. Need creative activities and leadership development focus.', 'business', '1000', '3000', '1 month', 'open', 2, '2025-08-13T15:37:30.217Z', NULL);
INSERT INTO "requests" ("id", "client_id", "title", "description", "category", "budget_min", "budget_max", "timeframe", "status", "token_cost", "created_at", "attachments") VALUES ('259a2886-583c-40b7-9266-e60fdafe66da', '2aa4873a-8040-42fb-b2eb-1841554f89bd', 'Website Design for E-commerce Store', 'Need a modern, responsive website design for my online clothing store. Looking for someone with experience in e-commerce UI/UX.', 'Web Design', '500', '1500', '2-3 weeks', 'completed', 1, '2025-08-13T16:57:11.158Z', NULL);
INSERT INTO "requests" ("id", "client_id", "title", "description", "category", "budget_min", "budget_max", "timeframe", "status", "token_cost", "created_at", "attachments") VALUES ('ae949936-064e-4ffa-aeb3-0f567cf249bb', '2aa4873a-8040-42fb-b2eb-1841554f89bd', 'I need ne truck', 'Hello ', 'information', '600', '900', '1 month', 'open', 1, '2025-08-14T08:16:46.781Z', ARRAY['/uploads/attachments-1755159405235-282637196.jpg']);
INSERT INTO "requests" ("id", "client_id", "title", "description", "category", "budget_min", "budget_max", "timeframe", "status", "token_cost", "created_at", "attachments") VALUES ('c9547ce8-7950-489f-9f93-25aa3c5be082', '2aa4873a-8040-42fb-b2eb-1841554f89bd', 'I need a new rice supplier', 'Naira', 'information', '20', '200', '1 week', 'completed', 1, '2025-08-13T18:54:31.170Z', NULL);

-- Table: reviews (2 records)
INSERT INTO "reviews" ("id", "contract_id", "client_id", "finder_id", "rating", "comment", "created_at") VALUES ('review-001', 'contract-001', '33333333-3333-3333-3333-333333333333', 'f1111111-1111-1111-1111-111111111111', 5, 'Excellent work! John found the perfect rice supplier with competitive pricing and excellent quality. Highly recommend his services.', '2025-08-10T21:38:26.029Z');
INSERT INTO "reviews" ("id", "contract_id", "client_id", "finder_id", "rating", "comment", "created_at") VALUES ('review-002', 'contract-002', '77777777-7777-7777-7777-777777777777', 'c88125ca-379a-4109-bfdb-86cb4f646d48', 4, 'Great social media strategy and very responsive communication. Looking forward to seeing the results of the campaign.', '2025-08-12T21:38:26.029Z');

-- Table: tokens (8 records)
INSERT INTO "tokens" ("id", "finder_id", "balance") VALUES ('b19dc52f-2190-41f3-870a-ae5cd0f690dd', '1cdc2486-666b-41dd-bac1-eb0034977492', 5);
INSERT INTO "tokens" ("id", "finder_id", "balance") VALUES ('c1757c2a-dbcf-48ad-9f40-2f9a222ead54', 'a174fbbf-9c34-4788-8df7-38682459a2a9', 5);
INSERT INTO "tokens" ("id", "finder_id", "balance") VALUES ('230b28c2-9119-45d6-9782-3b549eb66360', 'a8c15eec-08b9-4e93-b911-46af8887471b', 4);
INSERT INTO "tokens" ("id", "finder_id", "balance") VALUES ('t2222222-2222-2222-2222-222222222222', 'f2222222-2222-2222-2222-222222222222', 15);
INSERT INTO "tokens" ("id", "finder_id", "balance") VALUES ('t4444444-4444-4444-4444-444444444444', 'f4444444-4444-4444-4444-444444444444', 8);
INSERT INTO "tokens" ("id", "finder_id", "balance") VALUES ('t6666666-6666-6666-6666-666666666666', 'f6666666-6666-6666-6666-666666666666', 3);
INSERT INTO "tokens" ("id", "finder_id", "balance") VALUES ('t1111111-1111-1111-1111-111111111111', 'f1111111-1111-1111-1111-111111111111', 25);
INSERT INTO "tokens" ("id", "finder_id", "balance") VALUES ('0dbb2cde-7117-4d4c-9726-00c57b2bc052', 'c88125ca-379a-4109-bfdb-86cb4f646d48', 2);

-- Table: transactions (15 records)
INSERT INTO "transactions" ("id", "finder_id", "amount", "type", "description", "created_at", "user_id", "reference") VALUES ('8f561aef-ec2c-45b8-9073-53c0ac9709b6', 'c88125ca-379a-4109-bfdb-86cb4f646d48', -1, 'proposal', 'Proposal submitted for request: e65be172-af49-440d-b1cd-9616d6a3428d', '2025-08-13T16:18:16.591Z', 'f27f2cf2-5c76-4673-8fd3-50cd34ce2a71', NULL);
INSERT INTO "transactions" ("id", "finder_id", "amount", "type", "description", "created_at", "user_id", "reference") VALUES ('2fcaec64-2993-4e92-b66a-c9e408b3910b', 'c88125ca-379a-4109-bfdb-86cb4f646d48', -1, 'proposal', 'Proposal submitted for request: e65be172-af49-440d-b1cd-9616d6a3428d', '2025-08-13T16:19:07.581Z', 'f27f2cf2-5c76-4673-8fd3-50cd34ce2a71', NULL);
INSERT INTO "transactions" ("id", "finder_id", "amount", "type", "description", "created_at", "user_id", "reference") VALUES ('0dd668dd-9449-41bc-93e8-e1e99f402b3a', 'a8c15eec-08b9-4e93-b911-46af8887471b', -1, 'proposal', 'Proposal submitted for request: 0091b198-2f07-4b12-906c-3fe87650af9c', '2025-08-13T16:32:14.125Z', '9e32aaf4-c007-4f89-84fb-7c2cccbf3f80', NULL);
INSERT INTO "transactions" ("id", "finder_id", "amount", "type", "description", "created_at", "user_id", "reference") VALUES ('9b141851-1094-41aa-a97c-55640de575d7', 'c88125ca-379a-4109-bfdb-86cb4f646d48', -1, 'proposal', 'Proposal submitted for request: 0091b198-2f07-4b12-906c-3fe87650af9c', '2025-08-13T16:40:54.178Z', 'f27f2cf2-5c76-4673-8fd3-50cd34ce2a71', NULL);
INSERT INTO "transactions" ("id", "finder_id", "amount", "type", "description", "created_at", "user_id", "reference") VALUES ('58b69c38-788f-42ee-855f-d75f676bf820', 'c88125ca-379a-4109-bfdb-86cb4f646d48', -1, 'proposal', 'Proposal submitted for request: 5b9763f8-82ec-467f-b384-9da64d4f14f8', '2025-08-13T16:42:08.270Z', 'f27f2cf2-5c76-4673-8fd3-50cd34ce2a71', NULL);
INSERT INTO "transactions" ("id", "finder_id", "amount", "type", "description", "created_at", "user_id", "reference") VALUES ('de083bfe-bcd9-4b1c-aed5-d1b9dd9d078c', 'c88125ca-379a-4109-bfdb-86cb4f646d48', -1, 'proposal', 'Proposal submitted for request: e7ace354-637a-4fb2-8ddc-bf24ce3d1a76', '2025-08-13T17:22:07.769Z', 'f27f2cf2-5c76-4673-8fd3-50cd34ce2a71', NULL);
INSERT INTO "transactions" ("id", "finder_id", "amount", "type", "description", "created_at", "user_id", "reference") VALUES ('tx-001', 'f2222222-2222-2222-2222-222222222222', -2, 'proposal', 'Proposal submission for CRM Software request', '2025-08-12T21:38:31.210Z', '22222222-2222-2222-2222-222222222222', NULL);
INSERT INTO "transactions" ("id", "finder_id", "amount", "type", "description", "created_at", "user_id", "reference") VALUES ('tx-002', 'f4444444-4444-4444-4444-444444444444', -2, 'proposal', 'Proposal submission for CRM Software request', '2025-08-13T03:38:31.210Z', '44444444-4444-4444-4444-444444444444', NULL);
INSERT INTO "transactions" ("id", "finder_id", "amount", "type", "description", "created_at", "user_id", "reference") VALUES ('tx-003', 'f1111111-1111-1111-1111-111111111111', -1, 'proposal', 'Proposal submission for Rice Supplier request', '2025-08-13T09:38:31.210Z', 'd9da0f88-c3e8-488f-bc4e-5c68f6a2ca01', NULL);
INSERT INTO "transactions" ("id", "finder_id", "amount", "type", "description", "created_at", "user_id", "reference") VALUES ('tx-005', 'f1111111-1111-1111-1111-111111111111', 10, 'purchase', 'Token purchase - 10 tokens for $50', '2025-08-06T21:38:31.210Z', 'd9da0f88-c3e8-488f-bc4e-5c68f6a2ca01', NULL);
INSERT INTO "transactions" ("id", "finder_id", "amount", "type", "description", "created_at", "user_id", "reference") VALUES ('tx-006', 'f2222222-2222-2222-2222-222222222222', 20, 'purchase', 'Token purchase - 20 tokens for $100', '2025-08-08T21:38:31.210Z', '22222222-2222-2222-2222-222222222222', NULL);
INSERT INTO "transactions" ("id", "finder_id", "amount", "type", "description", "created_at", "user_id", "reference") VALUES ('362205ec-c0a0-4593-9072-54690dd8d83a', 'c88125ca-379a-4109-bfdb-86cb4f646d48', -1, 'proposal', 'Proposal submitted for request: c9547ce8-7950-489f-9f93-25aa3c5be082', '2025-08-13T21:48:57.730Z', 'f27f2cf2-5c76-4673-8fd3-50cd34ce2a71', NULL);
INSERT INTO "transactions" ("id", "finder_id", "amount", "type", "description", "created_at", "user_id", "reference") VALUES ('e31df736-00b0-43e8-a232-ace8df85796b', 'c88125ca-379a-4109-bfdb-86cb4f646d48', -1, 'proposal', 'Proposal submitted for request: req-001', '2025-08-14T06:16:55.105Z', 'f27f2cf2-5c76-4673-8fd3-50cd34ce2a71', NULL);
INSERT INTO "transactions" ("id", "finder_id", "amount", "type", "description", "created_at", "user_id", "reference") VALUES ('tx-004', 'c88125ca-379a-4109-bfdb-86cb4f646d48', -2, 'proposal', 'Proposal submission for Social Media Marketing request', '2025-08-11T21:38:31.210Z', 'f27f2cf2-5c76-4673-8fd3-50cd34ce2a71', NULL);
INSERT INTO "transactions" ("id", "finder_id", "amount", "type", "description", "created_at", "user_id", "reference") VALUES ('e5ca23a2-af8f-402e-b9c4-1d33e01bf529', 'c88125ca-379a-4109-bfdb-86cb4f646d48', -1, 'proposal', 'Proposal submitted for request: ae949936-064e-4ffa-aeb3-0f567cf249bb', '2025-08-14T11:41:02.741Z', 'f27f2cf2-5c76-4673-8fd3-50cd34ce2a71', NULL);

-- Table: users (15 records)
INSERT INTO "users" ("id", "email", "password", "first_name", "last_name", "role", "is_verified", "is_banned", "created_at", "phone", "banned_reason", "banned_at") VALUES ('a26fb44a-1534-4fe9-9a36-dd3b28572d7a', 'webintayo@gmail.com', '$2b$10$XxbpAsaRjYkopHgrOaTiXOt41d7IkIHPBncvX1xLYVSiivWz0y3uK', 'Hammed', 'Temitayo', 'client', false, false, '2025-08-13T14:34:39.169Z', NULL, NULL, NULL);
INSERT INTO "users" ("id", "email", "password", "first_name", "last_name", "role", "is_verified", "is_banned", "created_at", "phone", "banned_reason", "banned_at") VALUES ('33333333-3333-3333-3333-333333333333', 'lisa.client@demo.com', '$2b$12$LQv3c1yqBWVHxkd0LQ4YCOuZiUiIJ9oCHY8DQoWt3WnWaoDuTbZxG', 'Lisa', 'Chen', 'client', true, false, '2025-08-13T21:36:31.824Z', '+1-555-0125', NULL, NULL);
INSERT INTO "users" ("id", "email", "password", "first_name", "last_name", "role", "is_verified", "is_banned", "created_at", "phone", "banned_reason", "banned_at") VALUES ('test-finder-001', 'finder@demo.com', '$2b$10$EpRg0CKkNOQZQFLa4YUSwO6qFT4jTq.QJQ2hTl.ULXy2E8r08oJOu', 'Demo', 'Finder', 'finder', true, false, '2025-08-14T09:41:30.548Z', '555-0123', NULL, NULL);
INSERT INTO "users" ("id", "email", "password", "first_name", "last_name", "role", "is_verified", "is_banned", "created_at", "phone", "banned_reason", "banned_at") VALUES ('66666666-6666-6666-6666-666666666666', 'david.finder@demo.com', '$2b$12$LQv3c1yqBWVHxkd0LQ4YCOuZiUiIJ9oCHY8DQoWt3WnWaoDuTbZxG', 'David', 'Kim', 'finder', false, true, '2025-08-13T21:36:31.824Z', '+1-555-0128', NULL, NULL);
INSERT INTO "users" ("id", "email", "password", "first_name", "last_name", "role", "is_verified", "is_banned", "created_at", "phone", "banned_reason", "banned_at") VALUES ('2aa4873a-8040-42fb-b2eb-1841554f89bd', 'client@test.com', '$2b$10$8JlKL7V.BNvFGAfydxVWC.yE3JpA62.ibm0Pc46nzH1/g.m5qlo3G', 'Terry', 'Johnston ', 'client', false, false, '2025-08-13T15:05:48.418Z', '3565353539996666', NULL, NULL);
INSERT INTO "users" ("id", "email", "password", "first_name", "last_name", "role", "is_verified", "is_banned", "created_at", "phone", "banned_reason", "banned_at") VALUES ('78763947-ef7a-400c-a185-aba5864e962a', 'client1@test.com', '$2b$10$TztTm5Z2Hf.y2/O92Wmsb.tyhHf1yUS/bmUVItPwjNnN0pu3qf8wm', 'Hammed', 'Client Teemma', 'finder', false, false, '2025-08-13T16:09:40.611Z', NULL, NULL, NULL);
INSERT INTO "users" ("id", "email", "password", "first_name", "last_name", "role", "is_verified", "is_banned", "created_at", "phone", "banned_reason", "banned_at") VALUES ('9e32aaf4-c007-4f89-84fb-7c2cccbf3f80', 'terstfinder@example.com', '$2b$10$lFRATIalbMEpSVRJm3eiOuqJKc1WWjoTtG0znLFj71Ki.6rzSckze', 'Ajala', 'Temitayo', 'finder', false, false, '2025-08-13T16:31:16.274Z', NULL, NULL, NULL);
INSERT INTO "users" ("id", "email", "password", "first_name", "last_name", "role", "is_verified", "is_banned", "created_at", "phone", "banned_reason", "banned_at") VALUES ('15365b28-5646-4f3b-b51f-45bc6276d453', 'admin@findermeister.com', '$2b$10$PNn1SkqhHrKWfY6mBNhMoO6VqyJZUrZH/ll08W4XI6eefurvphF.y', 'Admin', 'User', 'admin', false, false, '2025-08-13T18:04:12.102Z', NULL, NULL, NULL);
INSERT INTO "users" ("id", "email", "password", "first_name", "last_name", "role", "is_verified", "is_banned", "created_at", "phone", "banned_reason", "banned_at") VALUES ('11111111-1111-1111-1111-111111111111', 'sarah.client@demo.com', '$2b$12$LQv3c1yqBWVHxkd0LQ4YCOuZiUiIJ9oCHY8DQoWt3WnWaoDuTbZxG', 'Sarah', 'Williams', 'client', true, false, '2025-08-13T21:36:31.824Z', '+1-555-0123', NULL, NULL);
INSERT INTO "users" ("id", "email", "password", "first_name", "last_name", "role", "is_verified", "is_banned", "created_at", "phone", "banned_reason", "banned_at") VALUES ('22222222-2222-2222-2222-222222222222', 'mike.finder@demo.com', '$2b$12$LQv3c1yqBWVHxkd0LQ4YCOuZiUiIJ9oCHY8DQoWt3WnWaoDuTbZxG', 'Mike', 'Johnson', 'finder', true, false, '2025-08-13T21:36:31.824Z', '+1-555-0124', NULL, NULL);
INSERT INTO "users" ("id", "email", "password", "first_name", "last_name", "role", "is_verified", "is_banned", "created_at", "phone", "banned_reason", "banned_at") VALUES ('44444444-4444-4444-4444-444444444444', 'alex.finder@demo.com', '$2b$12$LQv3c1yqBWVHxkd0LQ4YCOuZiUiIJ9oCHY8DQoWt3WnWaoDuTbZxG', 'Alex', 'Rodriguez', 'finder', true, false, '2025-08-13T21:36:31.824Z', '+1-555-0126', NULL, NULL);
INSERT INTO "users" ("id", "email", "password", "first_name", "last_name", "role", "is_verified", "is_banned", "created_at", "phone", "banned_reason", "banned_at") VALUES ('77777777-7777-7777-7777-777777777777', 'jane.client@demo.com', '$2b$12$LQv3c1yqBWVHxkd0LQ4YCOuZiUiIJ9oCHY8DQoWt3WnWaoDuTbZxG', 'Jane', 'Smith', 'client', true, false, '2025-08-13T21:36:31.824Z', '+1-555-0129', NULL, NULL);
INSERT INTO "users" ("id", "email", "password", "first_name", "last_name", "role", "is_verified", "is_banned", "created_at", "phone", "banned_reason", "banned_at") VALUES ('f27f2cf2-5c76-4673-8fd3-50cd34ce2a71', 'testfinder@example.com', '$2b$10$ElisiKkouxaVSQwxju.MK.3QhXxpAcFZIn6M3M/AUE5UEllp6HNd6', 'Test', 'Finder', 'finder', false, false, '2025-08-13T16:08:17.521Z', '555-0123', NULL, NULL);
INSERT INTO "users" ("id", "email", "password", "first_name", "last_name", "role", "is_verified", "is_banned", "created_at", "phone", "banned_reason", "banned_at") VALUES ('d9da0f88-c3e8-488f-bc4e-5c68f6a2ca01', 'john.finder@test.com', '$2b$10$FaNhzHo/Wgihj/tr36RJAOSkFCkV.vbspl4uGptEF.ljB4LMo8XPC', 'John', 'Finder', 'finder', true, false, '2025-08-13T15:01:01.322Z', NULL, NULL, NULL);
INSERT INTO "users" ("id", "email", "password", "first_name", "last_name", "role", "is_verified", "is_banned", "created_at", "phone", "banned_reason", "banned_at") VALUES ('55555555-5555-5555-5555-555555555555', 'emma.client@demo.com', '$2b$12$LQv3c1yqBWVHxkd0LQ4YCOuZiUiIJ9oCHY8DQoWt3WnWaoDuTbZxG', 'Emma', 'Thompson', 'client', true, false, '2025-08-13T21:36:31.824Z', '+1-555-0127', NULL, NULL);

-- Table: withdrawal_requests (4 records)
INSERT INTO "withdrawal_requests" ("id", "finder_id", "amount", "status", "payment_method", "payment_details", "admin_notes", "processed_by", "requested_at", "processed_at") VALUES ('withdraw-001', 'f1111111-1111-1111-1111-111111111111', '500.00', 'pending', 'bank_transfer', '{"bank_name": "Chase Bank", "account_number": "*****1234", "routing_number": "021000021", "account_holder": "John Finder"}', NULL, NULL, '2025-08-10T21:38:22.479Z', NULL);
INSERT INTO "withdrawal_requests" ("id", "finder_id", "amount", "status", "payment_method", "payment_details", "admin_notes", "processed_by", "requested_at", "processed_at") VALUES ('withdraw-002', 'f2222222-2222-2222-2222-222222222222', '250.00', 'approved', 'bank_transfer', '{"bank_name": "Bank of America", "account_number": "*****5678", "routing_number": "011401533", "account_holder": "Mike Johnson"}', 'Processed successfully - payment sent via ACH', NULL, '2025-08-06T21:38:22.479Z', NULL);
INSERT INTO "withdrawal_requests" ("id", "finder_id", "amount", "status", "payment_method", "payment_details", "admin_notes", "processed_by", "requested_at", "processed_at") VALUES ('withdraw-004', 'c88125ca-379a-4109-bfdb-86cb4f646d48', '125.00', 'approved', 'bank_transfer', '{"bank_name": "Wells Fargo", "account_number": "*****9012", "routing_number": "121042882", "account_holder": "Test Finder"}', 'Under review by finance team', '15365b28-5646-4f3b-b51f-45bc6276d453', '2025-08-12T21:38:22.479Z', '2025-08-14T09:16:38.167Z');
INSERT INTO "withdrawal_requests" ("id", "finder_id", "amount", "status", "payment_method", "payment_details", "admin_notes", "processed_by", "requested_at", "processed_at") VALUES ('withdraw-003', 'f4444444-4444-4444-4444-444444444444', '180.00', 'processing', 'paypal', '{"email": "alex.finder@paypal.com", "account_verified": true}', '', '15365b28-5646-4f3b-b51f-45bc6276d453', '2025-08-11T21:38:22.479Z', '2025-08-14T09:33:24.220Z');

-- Table: withdrawal_settings (1 records)
INSERT INTO "withdrawal_settings" ("id", "finder_id", "payment_method", "minimum_threshold", "bank_details", "paypal_details", "created_at", "updated_at") VALUES ('8c52e1ff-c1bb-45bf-aee9-d796ddf1615f', 'c88125ca-379a-4109-bfdb-86cb4f646d48', 'bank_transfer', 500, '{"bankName":"Hhdhhd","accountNumber":"0122661841","routingNumber":"777","accountHolder":"Hsjsjjshs"}', NULL, '2025-08-14T08:53:08.735Z', '2025-08-14T09:06:22.164Z');

-- Re-enable foreign key checks
SET session_replication_role = DEFAULT;
